{
  "LineageRank": {
    "Acc@1": 1.0,
    "Acc@3": 1.0,
    "Acc@5": 1.0,
    "MRR": 1.0,
    "NDCG@3": 1.0,
    "NDCG@5": 1.0,
    "n": 40
  },
  "Random": {
    "Acc@1": 0.2,
    "Acc@3": 0.5,
    "Acc@5": 0.85,
    "MRR": 0.41083333333333333,
    "NDCG@3": 0.36963946303571865,
    "NDCG@5": 0.5116115081936359,
    "n": 40
  },
  "RuntimeOnly": {
    "Acc@1": 1.0,
    "Acc@3": 1.0,
    "Acc@5": 1.0,
    "MRR": 1.0,
    "NDCG@3": 1.0,
    "NDCG@5": 1.0,
    "n": 40
  },
  "DesignOnly": {
    "Acc@1": 0.375,
    "Acc@3": 0.625,
    "Acc@5": 0.75,
    "MRR": 0.5666666666666667,
    "NDCG@3": 0.5327324383928644,
    "NDCG@5": 0.5810890392971821,
    "n": 40
  },
  "LineageDist": {
    "Acc@1": 0.25,
    "Acc@3": 0.375,
    "Acc@5": 0.75,
    "MRR": 0.4294642857142857,
    "NDCG@3": 0.3288662191964322,
    "NDCG@5": 0.47941399076424174,
    "n": 40
  },
  "FreshnessOnly": {
    "Acc@1": 0.625,
    "Acc@3": 0.625,
    "Acc@5": 0.75,
    "MRR": 0.6916666666666667,
    "NDCG@3": 0.625,
    "NDCG@5": 0.6733566009043177,
    "n": 40
  },
  "LLM-Claude": {
    "Acc@1": 0.35,
    "Acc@3": 0.775,
    "Acc@5": 1.0,
    "MRR": 0.5666666666666667,
    "NDCG@3": 0.5821394630357186,
    "NDCG@5": 0.6735637197473756,
    "n": 40
  }
}