{
  "LineageRank": {
    "Acc@1": 1.0,
    "Acc@3": 1.0,
    "Acc@5": 1.0,
    "MRR": 1.0,
    "NDCG@3": 1.0,
    "NDCG@5": 1.0,
    "n": 30
  },
  "Random": {
    "Acc@1": 0.16666666666666666,
    "Acc@3": 0.43333333333333335,
    "Acc@5": 0.6333333333333333,
    "MRR": 0.3576190476190476,
    "NDCG@3": 0.31309297535714575,
    "NDCG@5": 0.39338512019331084,
    "n": 30
  },
  "RuntimeOnly": {
    "Acc@1": 1.0,
    "Acc@3": 1.0,
    "Acc@5": 1.0,
    "MRR": 1.0,
    "NDCG@3": 1.0,
    "NDCG@5": 1.0,
    "n": 30
  },
  "DesignOnly": {
    "Acc@1": 0.16666666666666666,
    "Acc@3": 0.5,
    "Acc@5": 1.0,
    "MRR": 0.39444444444444454,
    "NDCG@3": 0.3333333333333333,
    "NDCG@5": 0.541367653896888,
    "n": 30
  },
  "LineageDist": {
    "Acc@1": 0.16666666666666666,
    "Acc@3": 0.3333333333333333,
    "Acc@5": 0.5,
    "MRR": 0.3071428571428571,
    "NDCG@3": 0.271821625595243,
    "NDCG@5": 0.3362970934676665,
    "n": 30
  },
  "FreshnessOnly": {
    "Acc@1": 0.0,
    "Acc@3": 0.5,
    "Acc@5": 1.0,
    "MRR": 0.3111111111111111,
    "NDCG@3": 0.271821625595243,
    "NDCG@5": 0.47985594615879756,
    "n": 30
  }
}